<?xml version="1.0" encoding="utf-8" ?>
<LanguageData>

<SetCapital>Set Capital</SetCapital>

<DeathOfFactionPawn>Your incompetence has led to the death of a pawn from your settlements! Unrest has grown in your subject settlements.</DeathOfFactionPawn>
<CaptureOfFactionPawn>Capturing one of your settlement's pawns has caused great unrest in your subject settlements!</CaptureOfFactionPawn>

<UnpaidTitheEffect>Unrest has increased by 10 and happiness has decreased in the settlement! </UnpaidTitheEffect>

</LanguageData>