<?xml version="1.0" encoding="utf-8" ?>
<LanguageData>


<!-- Base Buildings -->

<Empty.label>Empty Building Slot</Empty.label>
<Empty.desc>Click here to construct a building</Empty.desc>

<Construction.label>Under Construction</Construction.label>
<Construction.desc>A building is being constructed here...</Construction.desc>


<!-- Undefined Buildings -->

<barracks.label>Barracks</barracks.label>
<barracks.desc>A buildings to house the local troops. +1 military level. 150 Silver per tax period upkeep.</barracks.desc>

<tradingPost.label>Trading Post</tradingPost.label>
<tradingPost.desc>A small outpost that roving traders frequent. +10 tithe modifier.</tradingPost.desc>

<migrantHousing.label>Migrant Housing</migrantHousing.label>
<migrantHousing.desc>Local housing for traveling migrants to stay in. +2 Max worker, +2 Over Max worker.</migrantHousing.desc>

<quarry.label>Quarry</quarry.label>
<quarry.desc>Torn up land being used to mine for valuable ore. +.5 to base mining production.</quarry.desc>

<trainingYard.label>Training Yard</trainingYard.label>
<trainingYard.desc>A place for your soldiers to train. +15% combat efficiency.</trainingYard.desc>


<!-- Medieval Buildings -->

<slavePlantation.label>Slave Plantation</slavePlantation.label>
<slavePlantation.desc>Slaves work the fields here. +20% food production.</slavePlantation.desc>

<adventurersGuild.label>Adventurer's Guild</adventurersGuild.label>
<adventurersGuild.desc>A place for traveling adventurers to meet up and spend a night. -15% production to food, weapons, and apparel. +5% basetax. +1 military level. 250 Silver per tax period upkeep.</adventurersGuild.desc>

<publicMarket.label>Public Market</publicMarket.label>
<publicMarket.desc>A public market to exchange goods. +15 tithe modifer.</publicMarket.desc>

<jailhouse.label>Jailhouse</jailhouse.label>
<jailhouse.desc>A place to store criminal scum. -25% unrest gain, -5% tax.</jailhouse.desc>

<wildernessGuild.label>Wilderness Guild</wildernessGuild.label>
<wildernessGuild.desc>A guild dedicated to taming the wilderness. +25% animal production.</wildernessGuild.desc>

<apparelSweatshop.label>Apparel Sweatshop</apparelSweatshop.label>
<apparelSweatshop.desc>A place to work slaves and colonists alike! +.5 apparel production.</apparelSweatshop.desc>

<loggingCamp.label>Logging Camp</loggingCamp.label>
<loggingCamp.desc>A camp dedicated to the logging industry. Includes a lumber mill and everything! +.5 logging production.</loggingCamp.desc>



<!-- Industrial Buildings -->

<researchLabs.label>Research Labs</researchLabs.label>
<researchLabs.desc>Scienctists spend their days researching here. +75 Research a day. 150 Silver per tax period upkeep.</researchLabs.desc>

<indoorHydroponics.label>Indoor Hydroponics</indoorHydroponics.label>
<indoorHydroponics.desc>Food is produced indoors, protecting it from the harshes from the world. +.5 base food production.</indoorHydroponics.desc>

<firearmsFactory.label>Firearms Factory</firearmsFactory.label>
<firearmsFactory.desc>A factory that produces mass quantities of firearms. +.5 base weapon production.</firearmsFactory.desc>

<rimazonWarehouse.label>Rimazon Warehouse</rimazonWarehouse.label>
<rimazonWarehouse.desc>A warehouse stocked full of goods marked to be shipped. +20 tithe modifier, +5% base tax.</rimazonWarehouse.desc>

<inhouseMercCompany.label>In-House Merc Company</inhouseMercCompany.label>
<inhouseMercCompany.desc>Barracks for an in-house mercenary company. They will provide security for the colony. +1 military level, -10% tax. 200 Silver per tax period upkeep.</inhouseMercCompany.desc>

<adultEntertainmentCentre.label>Adult Entertainment Centre</adultEntertainmentCentre.label>
<adultEntertainmentCentre.desc>A place for the local people to spend a dime and have a good time. +.5 base happiness a day.</adultEntertainmentCentre.desc>

<forcedWorkCamps.label>Forced Work Camps</forcedWorkCamps.label>
<forcedWorkCamps.desc>Put those prisoners to work and increase your production! +2 max workers, +.5 unrest a day, -25% unrest loss a day.</forcedWorkCamps.desc>


<!-- Spacer Buildings -->

<intergalacticMarket.label>Intergalactic Market</intergalacticMarket.label>
<intergalacticMarket.desc>From here, ships fly in and deposit their goods and replace their cargo before returning home. +40 tithe modifier, +15% basetax.</intergalacticMarket.desc>

<glitterworldResearchFacility.label>Glitterworld Research Facility</glitterworldResearchFacility.label>
<glitterworldResearchFacility.desc>From this building, researchers equipped with the highest-grade tools search for the answers of the universe. +150 Resarch a day. 400 Silver per tax period upkeep.</glitterworldResearchFacility.desc>

<automatedDefenseSystems.label>Automated Defense Systems</automatedDefenseSystems.label>
<automatedDefenseSystems.desc>Androids roam the streets, keeping the colonists safe from external and internal harm. +2 military level. 400 Silver per tax period upkeep.</automatedDefenseSystems.desc>



</LanguageData>